Country Name En,Unit Name,2024 value,2024 flag,2023 value,2023 flag,2022 value,2022 flag,2021 value,2021 flag,2020 value,2020 flag
Afghanistan,Tonnes - live weight,2000.0,E,2000.0,E,2000.0,E,1800.0,E,2000.0,E
Albania,Tonnes - live weight,9074.0,A,10011.0,A,8891.5,A,9843.5,A,7810.5,A
Algeria,Tonnes - live weight,91272.208,E,94639.026,A,103681.152,A,74647.974,A,71518.724,A
American Samoa,Tonnes - live weight,1512.257,A,1248.92,A,1392.706,A,1196.746,A,957.99,A
Andorra,Tonnes - live weight,0.0,N,0.0,N,0.0,N,0.0,N,0.0,N
Angola,Tonnes - live weight,610036.39,A,552827.905,A,539289.4,A,568544.0,A,374730.0,A
Anguilla,Tonnes - live weight,885.0,E,875.0,E,840.0,E,755.0,E,835.0,A
Antigua and Barbuda,Tonnes - live weight,3285.0,E,3265.0,E,3230.0,E,3205.0,E,3115.0,E
Argentina,Number,25842.0,A,42126.0,A,39442.0,A,35274.0,A,22333.0,A
Argentina,Tonnes - live weight,880087.907,A,827232.951,A,847752.718,A,852565.782,A,837589.518,A
Armenia,Tonnes - live weight,1199.999,E,1099.999,E,999.999,E,769.999,E,750.0,E
Aruba,Tonnes - live weight,175.0,E,170.0,E,172.0,E,165.0,E,160.0,E
"Ascension, Saint Helena and Tristan da Cunha",Tonnes - live weight,268.11,E,249.142,E,205.96,E,224.896,E,220.076,E
Australia,Number,48218.0,A,39993.5,A,38198.0,A,33596.0,A,28603.0,A
Australia,Tonnes - live weight,179058.61,A,188063.886,A,185649.339,A,177718.941,A,177812.32,A
Austria,Tonnes - live weight,350.0,E,350.0,E,350.0,E,350.0,E,350.0,E
Azerbaijan,Tonnes - live weight,64021.7,A,63048.3,A,56589.65,A,56159.9,A,57781.25,A
Bahamas,Tonnes - live weight,8880.0,E,8699.373,A,9345.212,A,8704.851,A,7433.142,A
Bahrain,Tonnes - live weight,15100.0,E,16544.795,E,19836.587,E,17000.005,E,17202.011,E
Bangladesh,Tonnes - live weight,2040419.0,A,2062668.0,A,2027661.002,A,1982482.998,A,1919505.0,A
Barbados,Tonnes - live weight,722.999,A,933.079,A,960.577,A,973.667,A,1033.833,A
Belarus,Tonnes - live weight,555.0,A,553.803,A,356.0,A,611.231,A,939.054,A
Belgium,Tonnes - live weight,17068.0,A,17986.0,A,18710.0,A,17937.0,A,19953.8,A
Belize,Tonnes - live weight,208919.405,E,197659.508,E,203114.256,E,189810.838,E,185409.895,E
Benin,Tonnes - live weight,61561.1,E,52100.334,E,63481.953,E,69445.0,E,66850.0,E
Bermuda,Tonnes - live weight,338.0,A,321.0,A,392.0,A,419.0,A,358.48,A
Bhutan,Tonnes - live weight,5.0,E,5.0,E,9.0,A,1.1,A,0.5,A
Bolivia (Plurinational State of),Number,4750.0,A,7916.0,A,23867.5,A,11658.0,A,6610.0,A
Bolivia (Plurinational State of),Tonnes - live weight,8054.27,E,7850.0,E,7800.0,E,7600.0,E,7500.0,E
"Bonaire, Sint Eustatius and Saba",Tonnes - live weight,265.0,E,265.0,E,265.0,E,265.0,E,250.0,E
Bosnia and Herzegovina,Tonnes - live weight,305.0,A,305.0,A,305.0,A,305.0,A,305.0,A
Botswana,Number,0.0,A,1001.0,A,3655.0,A,2007.0,A,1550.0,A
Botswana,Tonnes - live weight,40.0,E,40.0,E,39.0,E,38.0,E,33.0,E
Brazil,Number,55920.0,A,88464.0,A,12372.0,A,13095.0,A,4251.0,A
Brazil,Tonnes - live weight,664483.886,E,629598.097,E,575558.396,E,521912.298,E,484877.767,E
British Virgin Islands,Tonnes - live weight,1127.914,E,1126.541,E,1136.518,E,1133.19,E,1121.0,E
Brunei Darussalam,Tonnes - live weight,16386.5,E,17696.02,A,16194.786,A,15295.003,A,13091.04,A
Bulgaria,Tonnes - live weight,6862.19,A,6703.989,A,5594.378,A,9009.27,A,6295.807,A
Burkina Faso,Tonnes - live weight,31771.92,A,30278.749,A,30044.0,A,29731.0,A,29104.0,A
Burundi,Tonnes - live weight,18855.0,E,19700.0,E,19935.0,E,19550.0,E,19589.0,E
Cabo Verde,Tonnes - live weight,5546.933,A,8852.699,A,8495.762,A,11114.927,A,19966.373,A
Cambodia,Tonnes - live weight,606654.0,E,552250.0,E,531600.003,E,508050.0,E,535900.0,E
Cameroon,Tonnes - live weight,236100.0,E,229332.0,E,225139.0,E,215228.0,E,213379.0,E
Canada,Number,31347.0,A,46535.0,A,31583.0,A,28127.0,A,396.0,A
Canada,Tonnes - live weight,650386.093,A,678673.641,A,713769.999,A,756966.282,A,774605.016,A
Cayman Islands,Tonnes - live weight,125.0,E,125.0,E,125.0,E,125.0,E,125.0,E
Central African Republic,Tonnes - live weight,29000.0,E,29000.0,E,29000.0,E,28000.0,E,27500.0,E
Chad,Tonnes - live weight,109000.0,E,109000.0,E,107000.0,E,103000.0,E,105000.0,E
Chile,Tonnes - live weight,2527787.393,A,2596511.256,A,2691064.158,A,2391196.587,A,2183235.826,A
China,Tonnes - live weight,1.3262322001E7,A,1.3263391E7,A,1.3179076999E7,A,1.3142836999E7,A,1.3445983E7,A
"China, Hong Kong SAR",Tonnes - live weight,92253.0,E,86578.001,E,77199.998,E,115178.999,E,119428.0,E
"China, Macao SAR",Tonnes - live weight,1500.0,E,1500.0,E,1500.0,E,1500.0,E,1500.0,E
Colombia,Number,402184.0,A,301919.0,A,472677.0,A,321987.0,A,245158.0,A
Colombia,Tonnes - live weight,91366.0,E,124254.563,A,106228.0,E,118944.867,A,91922.453,A
Comoros,Tonnes - live weight,17727.789,A,13883.302,E,18676.631,A,19202.856,A,20680.516,A
Congo,Tonnes - live weight,53691.387,A,60230.103,A,64134.185,A,69419.0,A,70637.352,A
Cook Islands,Tonnes - live weight,6358.539,A,3956.336,A,6461.307,A,5477.236,A,2649.301,A
Costa Rica,Tonnes - live weight,32140.308,A,29227.21,A,33668.683,A,29598.006,A,26679.394,A
C�te d'Ivoire,Tonnes - live weight,85494.248,A,76290.347,A,71646.007,A,66575.07,E,68709.197,E
Croatia,Tonnes - live weight,42856.925,A,56198.405,A,63675.669,A,62449.269,A,71676.516,A
Cuba,Tonnes - live weight,8682.5,E,13565.5,E,14534.6,E,18053.6,E,20467.5,E
Cura�ao,Tonnes - live weight,2450.0,E,2250.296,A,8851.026,A,25029.279,A,23069.366,A
Cyprus,Tonnes - live weight,1162.688,A,1223.843,A,1325.592,A,1405.849,A,1343.647,A
Czechia,Tonnes - live weight,3450.0,A,3369.0,A,3381.0,A,3314.0,A,3729.0,A
Democratic People's Republic of Korea,Tonnes - live weight,208365.0,E,208130.0,E,214320.0,E,208070.0,E,202000.0,E
Democratic Republic of the Congo,Tonnes - live weight,265975.0,E,261800.0,E,274385.0,E,261740.0,E,249275.0,E
Denmark,Tonnes - live weight,467775.089,A,495222.32,A,458346.22,A,466463.558,A,732816.0,A
Djibouti,Tonnes - live weight,3386.9,A,3185.8,A,3070.8,A,3088.9,A,2322.5,A
Dominica,Tonnes - live weight,988.0,A,519.0,A,290.0,E,287.97,A,527.0,A
Dominican Republic,Tonnes - live weight,19844.363,A,17286.0,A,17985.0,E,17666.9,A,14064.13,A
Ecuador,Tonnes - live weight,784914.818,A,694920.742,A,688925.19,A,863105.503,A,636338.622,A
Egypt,Tonnes - live weight,425501.0,A,424236.0,A,439925.0,A,424809.0,A,418239.0,A
El Salvador,Tonnes - live weight,57123.15,E,55759.063,E,60114.984,E,59352.874,A,59440.404,A
Equatorial Guinea,Tonnes - live weight,7253.452,E,7208.452,E,6610.139,E,6307.127,E,5958.271,E
Eritrea,Tonnes - live weight,2459.396,A,1861.932,A,1657.752,A,1077.716,A,1888.517,E
Estonia,Tonnes - live weight,65354.119,A,76695.234,A,73938.728,A,72235.522,A,74142.479,A
Eswatini,Tonnes - live weight,65.0,E,65.0,E,65.0,E,65.0,E,60.0,E
Ethiopia,Tonnes - live weight,255001.0,A,131400.0,A,101400.0,A,73140.0,A,60002.0,A
Falkland Islands (Malvinas),Tonnes - live weight,80548.099,A,89059.0,A,113821.0,A,108944.999,A,64725.574,A
Faroe Islands,Number,748.0,A,907.0,A,632.0,A,2089.0,A,551.0,A
Faroe Islands,Tonnes - live weight,676942.7,A,791561.4,A,605910.1,A,540630.2,A,650872.1,A
Fiji,Tonnes - live weight,34962.85,E,32179.1,E,32624.0,E,32100.002,E,37510.0,E
Finland,Number,751.0,A,655.0,A,574.0,A,698.0,A,576.0,A
Finland,Tonnes - live weight,110584.0,A,128061.0,A,125395.0,A,133282.0,A,148569.0,A
France,Tonnes - live weight,480653.078,A,475201.286,A,530975.863,A,516884.224,A,487611.9,A
French Guiana,Tonnes - live weight,1995.0,A,1833.0,A,2312.0,A,2450.0,A,1832.0,A
French Polynesia,Tonnes - live weight,13467.461,A,12625.0,A,11364.529,A,12818.802,A,11919.374,A
French Southern Territories,Tonnes - live weight,423.0,E,423.0,E,420.0,E,420.0,E,410.0,E
Gabon,Tonnes - live weight,30140.0,E,29920.775,E,30992.414,E,29820.556,E,28881.667,E
Gambia,Tonnes - live weight,55075.0,E,55455.0,E,53946.5,A,53171.99,A,50989.752,A
Georgia,Tonnes - live weight,200606.0,E,210573.0,E,198789.377,E,195576.054,E,207150.0,E
Germany,Tonnes - live weight,186393.0,A,182463.9,A,179265.2,A,189952.267,A,212094.562,A
Ghana,Tonnes - live weight,496158.661,A,384924.63,A,444841.73,A,393326.52,A,357275.51,A
Gibraltar,Tonnes - live weight,25.523,A,28.739,A,25.902,A,22.576,A,21.02,A
Greece,Tonnes - live weight,56044.1,A,62986.321,A,65494.798,A,59631.873,A,71476.001,A
Greenland,Number,66235.0,A,62424.0,A,92125.0,A,99463.0,A,97994.0,A
Greenland,Tonnes - live weight,265050.0,A,334866.648,A,307056.0,A,271028.0,A,259209.0,A
Grenada,Tonnes - live weight,2157.378,A,3743.309,A,1953.192,A,1317.066,E,1896.355,E
Guadeloupe,Tonnes - live weight,2074.0,A,2376.0,A,2354.0,A,2424.0,A,2530.0,A
Guam,Tonnes - live weight,45.637,A,61.245,A,36.974,A,26.578,A,47.067,A
Guatemala,Tonnes - live weight,14207.616,E,13324.093,A,16784.359,A,12475.203,A,13916.032,A
Guernsey,Tonnes - live weight,1160.0,E,1105.0,E,1224.0,E,1169.7,A,1081.226,A
Guinea,Tonnes - live weight,384261.0,E,414207.0,A,377833.0,A,448531.0,A,384942.0,A
Guinea-Bissau,Tonnes - live weight,54110.0,E,59495.0,E,63835.0,E,63221.0,E,62392.458,A
Guyana,Number,1154.0,A,1619.0,A,1345.0,A,1043.0,A,1337.0,A
Guyana,Tonnes - live weight,35766.0,E,36786.0,E,36253.456,E,34216.25,E,39986.9,E
Haiti,Tonnes - live weight,16430.0,E,16420.0,E,16710.0,E,16220.0,E,16350.0,E
Honduras,Tonnes - live weight,21603.652,E,20781.67,E,20193.0,E,21680.0,A,15846.0,A
Hungary,Tonnes - live weight,4744.284,A,4601.538,A,4596.812,A,4600.536,A,5483.12,A
Iceland,Tonnes - live weight,1008804.0,A,1447648.62,A,1662876.542,A,1171229.402,A,1039086.2,A
India,Tonnes - live weight,6356491.714,E,6177985.324,E,5539025.001,E,5024904.886,E,4658197.0,E
Indonesia,Number,5456.0,A,5583.0,A,2069.0,A,3501.0,A,2739.0,A
Indonesia,Tonnes - live weight,7811613.965,A,7845601.878,A,7489395.486,A,7224491.603,A,6989090.375,A
Iran (Islamic Republic of),Tonnes - live weight,789228.993,E,778278.002,E,750821.998,E,779465.744,A,790900.043,A
Iraq,Tonnes - live weight,41100.0,E,42144.464,A,44550.0,E,43679.679,E,34770.171,A
Ireland,Tonnes - live weight,245629.359,A,225134.328,A,213538.766,A,242158.918,A,216502.064,A
Isle of Man,Tonnes - live weight,3506.441,A,3467.835,A,3041.0,E,3041.323,A,2742.95,A
Israel,Tonnes - live weight,2065.0,E,2115.0,E,2080.0,E,2080.0,E,1980.0,E
Italy,Tonnes - live weight,134075.957,A,128311.143,A,143770.194,A,150775.767,A,141587.688,A
Jamaica,Tonnes - live weight,12769.824,E,12529.956,E,12529.49,E,13231.0,E,12874.92,E
Japan,Number,971.0,A,1288.0,A,1643.0,A,1553.0,A,2371.0,A
Japan,Tonnes - live weight,2847416.355,A,2981911.7,A,2979293.104,A,3239861.15,A,3267706.265,A
Jersey,Tonnes - live weight,1342.755,A,960.0,A,1066.0,E,1017.812,A,991.852,A
Jordan,Tonnes - live weight,695.0,A,665.0,E,675.0,E,665.0,E,583.945,A
Kazakhstan,Tonnes - live weight,45024.7,A,42639.642,A,50557.0,A,48960.13,A,45872.115,A
Kenya,Number,4400.0,A,5171.0,A,4745.0,A,3922.0,A,6250.0,A
Kenya,Tonnes - live weight,135393.439,A,129544.441,A,145801.459,A,141296.884,A,130165.337,A
Kiribati,Tonnes - live weight,278509.392,A,257577.802,A,211411.283,A,199348.974,A,203453.978,A
Kuwait,Tonnes - live weight,2451.0,A,2815.0,A,1886.0,A,3525.0,E,3095.0,E
Kyrgyzstan,Tonnes - live weight,32.0,E,32.0,E,31.0,A,22.0,E,20.0,E
Lao People's Democratic Republic,Tonnes - live weight,78795.0,E,76501.0,E,75000.0,E,71002.0,E,70001.0,E
Latvia,Tonnes - live weight,56367.744,A,66837.61,A,61508.0,A,61658.11,A,64989.0,A
Lebanon,Tonnes - live weight,2705.0,E,2680.0,E,2670.0,E,2630.0,E,2505.0,E
Lesotho,Tonnes - live weight,74.0,E,74.0,E,79.0,A,75.0,E,67.0,E
Liberia,Tonnes - live weight,26764.442,A,28231.843,A,29338.0,A,25169.139,A,31661.669,A
Libya,Tonnes - live weight,33098.863,E,33164.926,E,32609.874,E,32042.103,E,31904.545,E
Liechtenstein,Tonnes - live weight,0.0,N,0.0,N,0.0,N,0.0,N,0.0,N
Lithuania,Tonnes - live weight,77303.019,A,102405.414,A,106936.012,A,96152.482,A,90991.355,A
Luxembourg,Tonnes - live weight,0.0,N,0.0,N,0.0,N,0.0,N,0.0,N
Madagascar,Number,0.0,A,0.0,A,0.0,A,0.0,A,0.0,A
Madagascar,Tonnes - live weight,149869.43,E,139962.443,A,127549.669,A,114336.819,A,112552.399,A
Malawi,Tonnes - live weight,190090.0,E,212817.863,A,186865.36,A,170560.0,A,171115.22,A
Malaysia,Number,948.0,A,6860.0,A,3829.0,A,2577.0,A,1250.0,A
Malaysia,Tonnes - live weight,1404639.33,A,1286666.21,A,1322438.549,A,1338230.636,A,1391044.797,A
Maldives,Tonnes - live weight,107413.781,A,160683.193,A,155205.444,A,144993.211,A,148565.277,A
Mali,Tonnes - live weight,104178.0,A,112510.0,A,110365.91,A,105400.0,E,117690.0,A
Malta,Tonnes - live weight,1804.448,A,2013.59,A,2809.271,A,2502.896,A,2103.246,A
Marshall Islands,Tonnes - live weight,96819.389,A,73935.7,A,91636.299,A,95819.063,A,88189.912,A
Martinique,Tonnes - live weight,1828.0,A,1219.0,A,1584.0,A,1225.0,A,1691.0,A
Mauritania,Tonnes - live weight,640321.907,A,663269.325,E,703628.563,E,762868.259,A,678425.001,E
Mauritius,Number,0.0,A,0.0,A,0.0,A,0.0,A,0.0,A
Mauritius,Tonnes - live weight,38021.932,A,35798.39,A,33657.459,A,30039.49,A,26000.773,A
Mayotte,Tonnes - live weight,379.0,A,607.0,A,1125.0,A,1261.012,A,1001.059,A
Mexico,Number,0.0,A,0.0,A,0.0,A,1323.0,A,1863.0,A
Mexico,Tonnes - live weight,1920827.116,A,1845569.327,A,1683375.783,A,1672264.981,A,1591535.81,A
Micronesia (Federated States of),Tonnes - live weight,208700.753,A,165347.602,A,176458.901,A,165246.221,A,183782.765,A
Monaco,Tonnes - live weight,1.0,E,1.0,E,1.0,E,1.0,E,1.0,E
Mongolia,Tonnes - live weight,31.0,A,0.0,A,0.0,A,0.0,A,25.0,A
Montenegro,Tonnes - live weight,854.06,A,815.8,A,803.0,A,853.0,A,816.453,A
Montserrat,Tonnes - live weight,30.0,E,30.0,E,30.0,E,30.0,E,25.0,E
Morocco,Tonnes - live weight,1426660.849,A,1434779.585,A,1569847.426,A,1431450.989,A,1396462.814,A
Mozambique,Tonnes - live weight,495725.06,E,475479.829,E,443945.275,E,409559.2,E,388637.42,E
Myanmar,Tonnes - live weight,1736760.0,E,1623150.0,E,1714230.0,E,1542150.0,E,1770240.0,E
Namibia,Tonnes - live weight,381230.096,E,373140.676,E,376109.529,E,317853.283,E,329670.368,A
Nauru,Tonnes - live weight,87347.942,A,90699.009,A,108054.282,A,123412.544,A,97711.085,A
Nepal,Tonnes - live weight,21000.0,A,21000.0,A,21000.0,A,21000.0,A,21000.0,A
Netherlands (Kingdom of the),Tonnes - live weight,296838.057,A,267561.65,A,299695.694,A,296483.115,A,309549.31,A
New Caledonia,Tonnes - live weight,4037.165,A,3969.814,A,3709.381,A,3304.953,A,3326.596,A
New Zealand,Tonnes - live weight,324446.638,A,327209.758,A,346525.084,A,343507.03,A,364964.003,A
Nicaragua,Tonnes - live weight,58165.0,E,61408.502,A,52864.438,A,55286.931,A,44047.021,A
Niger,Tonnes - live weight,50927.001,E,49371.56,A,47670.0,E,47200.0,A,46000.001,A
Nigeria,Tonnes - live weight,855310.0,E,799635.0,E,784124.0,A,805210.0,A,783101.704,A
Niue,Tonnes - live weight,35.0,E,35.0,E,35.0,E,35.0,E,29.0,E
Norfolk Island,Tonnes - live weight,0.0,N,0.0,N,0.0,N,0.0,N,0.0,N
Northern Mariana Islands,Tonnes - live weight,61.621,A,91.55,A,162.423,A,199.691,A,98.917,A
North Macedonia,Tonnes - live weight,138.369,A,280.0,E,447.0,A,514.0,A,472.875,A
Norway,Number,2976.0,A,2853.0,A,2481.0,A,6052.0,A,11276.0,A
Norway,Tonnes - live weight,2326308.866,A,2541551.218,A,2626406.832,A,2579756.678,A,2625368.131,A
Oman,Tonnes - live weight,727005.478,E,706601.047,A,748357.443,A,922083.336,A,793418.923,A
Other NEI,Tonnes - live weight,47858.769,A,38140.789,A,40498.193,A,36531.319,A,51302.924,A
Pakistan,Tonnes - live weight,536745.001,A,509998.0,A,500045.256,A,496058.999,A,492783.001,A
Palau,Tonnes - live weight,803.11,E,803.63,E,813.035,E,824.0,E,776.0,E
Palestine,Tonnes - live weight,250.0,E,3260.0,E,4195.0,E,4660.7,A,4661.9,A
Panama,Tonnes - live weight,276798.857,A,218875.851,A,188255.947,A,222716.691,E,218464.206,A
Papua New Guinea,Number,273.0,A,8410.0,A,6874.0,A,9518.0,A,5772.0,A
Papua New Guinea,Tonnes - live weight,342535.244,A,241977.526,A,242571.086,A,223559.94,A,257405.737,A
Paraguay,Tonnes - live weight,17260.0,E,17975.0,E,17905.0,E,17560.0,E,16975.0,E
Peru,Tonnes - live weight,5764700.904,A,3519380.723,A,5368100.711,A,6576171.075,A,5676965.489,A
Philippines,Number,1019.0,A,,,,,,,1835.0,A
Philippines,Tonnes - live weight,1625893.599,A,1717841.797,A,1771246.273,A,1842336.894,A,1915224.314,A
Pitcairn,Tonnes - live weight,3.0,E,3.0,E,3.0,E,3.0,E,3.0,E
Poland,Tonnes - live weight,140740.716,A,171783.383,A,172523.358,A,195384.5,A,200390.296,A
Portugal,Tonnes - live weight,237008.239,A,163772.722,E,159890.53,A,179526.683,A,159947.959,A
Puerto Rico,Tonnes - live weight,2130.0,E,2149.0,E,2150.347,A,1580.0,E,1579.709,A
Qatar,Tonnes - live weight,20377.0,A,18970.4,A,18439.0,A,16554.5,A,15086.5,A
Republic of Korea,Number,1.0,A,17.0,A,5.0,A,12.0,A,2.0,A
Republic of Korea,Tonnes - live weight,1273389.617,A,1386147.68,A,1288142.167,A,1361588.266,A,1376877.247,A
Republic of Moldova,Tonnes - live weight,0.0,A,0.0,A,0.0,A,0.0,A,0.0,A
R�union,Tonnes - live weight,3017.0,A,3162.16,A,2690.55,A,2834.552,A,2531.53,A
Romania,Tonnes - live weight,5758.09,E,6613.72,E,6256.436,A,6350.6,A,7972.88,E
Russian Federation,Number,7042.0,A,4739.0,A,5547.0,A,8766.0,A,7728.0,A
Russian Federation,Tonnes - live weight,5011667.595,A,5393295.2,A,4991530.0,A,5167703.0,A,5081017.071,A
Rwanda,Tonnes - live weight,34670.0,E,33680.0,E,32735.0,E,32094.0,A,29979.0,A
Saint Barth�lemy,Tonnes - live weight,100.0,E,100.0,E,100.0,E,100.0,E,100.0,E
Saint Kitts and Nevis,Tonnes - live weight,675.0,E,675.0,E,670.0,E,672.513,A,646.54,A
Saint Lucia,Tonnes - live weight,1828.066,A,1852.597,A,1853.988,A,1574.691,A,1423.829,A
Saint Martin (French part),Tonnes - live weight,90.0,E,90.0,E,90.0,E,90.0,E,90.0,E
Saint Pierre and Miquelon,Tonnes - live weight,2978.0,A,2005.0,A,2612.2,A,2488.35,A,2692.83,A
Saint Vincent and the Grenadines,Number,1.0,A,1.0,A,1.0,A,1.0,A,,
Saint Vincent and the Grenadines,Tonnes - live weight,970.0,E,994.906,A,1250.0,E,1586.279,A,2127.542,A
Samoa,Tonnes - live weight,8093.54,E,10534.45,E,9587.716,E,9152.709,E,9950.816,E
San Marino,Tonnes - live weight,0.0,N,0.0,N,0.0,N,0.0,N,0.0,N
Sao Tome and Principe,Tonnes - live weight,5730.473,E,5647.747,E,5703.38,A,5117.247,A,5679.458,A
Saudi Arabia,Tonnes - live weight,85324.373,A,74708.773,A,64263.015,A,63361.999,A,64678.995,A
Senegal,Number,0.0,A,0.0,A,0.0,A,0.0,A,0.0,A
Senegal,Tonnes - live weight,500076.971,A,527929.672,A,505896.212,E,513957.077,A,458363.425,A
Serbia,Tonnes - live weight,2495.0,A,2470.0,A,2379.0,A,2353.0,A,1932.0,A
Seychelles,Tonnes - live weight,135662.615,A,139219.689,A,137842.167,A,146290.808,A,142376.45,A
Sierra Leone,Tonnes - live weight,208810.0,E,206900.0,E,215140.0,E,204900.0,E,200630.0,E
Singapore,Tonnes - live weight,373.95,A,174.0,A,207.405,A,306.32,A,355.59,A
Sint Maarten (Dutch part),Tonnes - live weight,253.0,E,253.0,E,253.0,E,253.0,E,253.0,E
Slovakia,Tonnes - live weight,1515.6,A,1655.55,A,1895.0,E,1815.0,E,1736.0,A
Slovenia,Tonnes - live weight,223.273,A,261.532,A,286.268,A,268.81,A,312.03,A
Solomon Islands,Tonnes - live weight,69440.025,A,41699.741,A,50299.145,A,50213.497,A,40542.978,A
Somalia,Tonnes - live weight,97871.0,A,99099.4,A,97337.85,A,96830.45,A,90075.45,A
South Africa,Number,42753.0,A,93506.0,A,109911.0,A,121478.0,A,50844.0,A
South Africa,Tonnes - live weight,479185.107,A,430013.297,A,474882.431,A,494906.749,A,603242.342,A
South Sudan,Tonnes - live weight,55000.0,E,50000.0,E,48000.0,E,45000.0,E,43000.0,E
Spain,Tonnes - live weight,764462.163,A,766557.429,A,809104.019,A,803120.915,A,798279.391,A
Sri Lanka,Tonnes - live weight,355901.5,A,338161.202,A,332337.722,A,372145.552,A,382265.799,A
Sudan,Tonnes - live weight,42060.0,E,40960.0,E,44250.0,E,40970.0,E,37660.0,E
Suriname,Tonnes - live weight,32146.927,E,31853.046,E,33650.227,E,32131.439,E,29772.0,E
Sweden,Tonnes - live weight,139591.456,A,154654.134,A,152028.063,A,167366.288,A,179642.86,A
Switzerland,Tonnes - live weight,1551.0,E,1526.0,E,1485.92,A,1485.92,A,1485.92,A
Syrian Arab Republic,Tonnes - live weight,4835.0,E,4450.0,E,4430.0,E,4310.0,E,3845.0,E
Taiwan Province of China,Number,23.0,A,21.0,A,16.0,A,20.0,A,19.0,A
Taiwan Province of China,Tonnes - live weight,773866.437,A,613628.418,A,602758.712,A,688388.192,A,601676.184,A
Tajikistan,Tonnes - live weight,2620.0,E,2600.002,E,2507.001,E,2350.215,E,1809.86,E
Thailand,Number,110805.0,A,81494.0,A,43204.0,A,21844.0,A,14392.0,A
Thailand,Tonnes - live weight,1542786.61,A,1466165.62,A,1385491.33,A,1412123.25,A,1588859.33,E
Timor-Leste,Tonnes - live weight,7875.81,A,6491.57,A,6554.39,A,6126.94,A,6930.95,A
Togo,Tonnes - live weight,20322.521,A,22236.934,A,21506.503,A,17984.0,A,18034.0,A
Tokelau,Tonnes - live weight,96.0,A,69.0,A,38.0,E,70.0,A,70.0,A
Tonga,Tonnes - live weight,1119.9,E,1137.67,E,1324.111,E,1114.83,E,1096.161,E
Trinidad and Tobago,Tonnes - live weight,12938.074,E,13111.316,E,13069.012,A,13084.169,A,12912.669,A
Tunisia,Tonnes - live weight,86030.0,A,107824.333,A,112282.321,A,102805.199,A,104511.291,A
T�rkiye,Tonnes - live weight,355994.5,A,454058.6,A,335002.9,A,328158.0,A,364399.8,A
Turkmenistan,Tonnes - live weight,15955.0,E,15210.0,E,15097.0,E,15042.0,E,14605.0,E
Turks and Caicos Islands,Tonnes - live weight,2306.0,A,2358.7,A,3241.0,A,2277.0,A,1297.0,A
Tuvalu,Tonnes - live weight,45442.0,A,49000.0,A,42781.0,A,33935.087,A,11295.0,A
Uganda,Tonnes - live weight,538160.0,A,716513.0,A,444935.0,A,634594.96,A,578684.0,A
Ukraine,Tonnes - live weight,34914.349,E,28518.392,A,23186.41,A,63047.578,A,69467.125,A
United Arab Emirates,Tonnes - live weight,58165.0,E,59445.0,A,65422.0,A,67944.0,A,71388.0,A
United Kingdom of Great Britain and Northern Ireland,Tonnes - live weight,755323.079,A,717353.744,A,621748.233,A,635572.808,A,627472.128,A
United Republic of Tanzania,Number,30.0,A,10.0,A,33.0,A,1345.0,A,1243.0,A
United Republic of Tanzania,Tonnes - live weight,530902.607,A,481367.043,A,472892.761,A,477775.425,A,472951.163,A
"United Republic of Tanzania, Zanzibar",Tonnes - live weight,38930.0,E,38985.0,A,38650.0,E,36800.0,E,38105.0,A
United States of America,Number,451846.0,A,467768.0,A,559855.5,A,411991.0,A,424024.0,A
United States of America,Tonnes - live weight,3761934.0,A,4182039.0,A,4141525.0,A,4313325.0,A,4266949.0,A
United States Virgin Islands,Tonnes - live weight,493.84,E,435.364,A,414.152,A,420.141,A,355.269,A
Uruguay,Number,0.0,A,0.0,A,,,,,,
Uruguay,Tonnes - live weight,48354.921,A,67098.545,A,68958.898,A,66300.607,A,62879.956,A
Uzbekistan,Tonnes - live weight,43613.228,E,50708.468,E,42319.785,E,40216.496,E,46100.002,E
Vanuatu,Tonnes - live weight,44422.051,A,69321.451,A,85871.245,A,73389.907,A,64946.757,A
Venezuela (Bolivarian Republic of),Tonnes - live weight,202663.118,E,184402.57,E,192596.464,E,203072.236,E,196843.442,E
Viet Nam,Tonnes - live weight,3433838.54,A,3435922.09,E,3456797.93,E,3540250.15,E,3506056.76,E
Wallis and Futuna Islands,Tonnes - live weight,147.99,A,138.305,A,204.326,A,264.0,A,263.8,A
Yemen,Tonnes - live weight,152430.0,E,151016.469,A,150470.0,E,149530.0,E,144516.513,E
Zambia,Number,14963.0,A,16201.0,A,8266.5,A,13115.0,A,22767.0,A
Zambia,Tonnes - live weight,108000.0,E,102225.0,E,109428.0,A,105125.0,A,106836.0,A
Zimbabwe,Number,78607.0,A,65787.0,A,76204.5,A,87460.0,A,76479.0,A
Zimbabwe,Tonnes - live weight,26299.0,A,26218.0,A,26161.0,A,22734.0,A,26671.559,A
Iceland,Number,,,24.0,A,148.0,A,1.0,A,3.0,A
Spain,Number,,,1.0,A,25.0,A,12.0,A,10.0,A
Bangladesh,Number,,,,,0.0,A,0.0,A,0.0,A
Germany,Number,,,,,11.0,A,16.0,A,16.0,A
Netherlands (Kingdom of the),Number,,,,,7.0,A,14.0,A,6.0,A
New Zealand,Number,,,,,300.0,A,286.0,A,241.0,A
Panama,Number,,,,,1604.0,A,1600.0,A,1000.0,A
Peru,Number,,,,,1.0,A,,,,
Singapore,Number,,,,,1798.0,A,1836.0,A,2100.0,A
Uganda,Number,,,,,0.0,A,0.0,A,,
United Kingdom of Great Britain and Northern Ireland,Number,,,,,22.0,A,20.0,A,21.0,A
Viet Nam,Number,,,,,6411.55,A,16292.0,A,35215.0,A
Bahamas,Number,,,,,,,0.0,A,0.0,A
Ireland,Number,,,,,,,0.0,A,0.0,A
Italy,Number,,,,,,,4.0,A,6.0,A
Malawi,Number,,,,,,,5443.0,A,,
Namibia,Number,,,,,,,0.0,A,4465.0,A
Venezuela (Bolivarian Republic of),Number,,,,,,,3788.0,A,17251.0,A
Mozambique,Number,,,,,,,,,1950.0,A
